Name,State,Region,Pressident,Start Year,End Year
Quasi War,FRN,Latin America & Caribbean,George Washington,1798,1801.0
First Barbary War,LIB,Africa,Thomas Jefferson,1801,1805.0
Arrest of Pike's Expedition,MEX,Latin America & Caribbean,Thomas Jefferson,1806,1806.0
Gulf of Mexico Pirates,"SPN, FRN",N. America,Thomas Jefferson,1806,1810.0
Annexation of West Florida,SPN,N. America,James Madison,1810,1810.0
Patriot War,SPN,N. America,James Madison,1812,1814.0
War of 1812,UKG,Europe,James Madison,1812,1815.0
Occupation of West Florida ,SPN,N. America,James Madison,1813,1813.0
,CUB,Latin America & Caribbean,James Madison,1814,1825.0
,UKG,N. America,James Madison,1814,1814.0
Second Barbary War,LIB/ALG,Africa,James Madison,1815,1815.0
First Seminole War,SPN,N. America,James Madison,1817,1819.0
Amelia Island Affair,SPN,N. America,James Monroe,1817,1817.0
Oregon Territory claims,RUS/SPN,N. America,James Monroe,1818,1818.0
,SPN,N. America,James Monroe,1818,1818.0
African Slave Trade Mission,Africa/LBR,Africa,James Monroe,1820,1823.0
Landings to Suppress Piracy,CUB,Latin America & Caribbean,James Monroe,1822,1824.0
Landings in Cuba to Suppress Piracy (II),CUB,Latin America & Caribbean,James Monroe,1823,1823.0
Landings in Cuba to Suppress Piracy (III),CUB,Latin America & Caribbean,James Monroe,1824,1824.0
Fajardo Affair,SPN,Latin America & Caribbean,James Monroe,1824,1824.0
Piracy Battle,CUB,Latin America & Caribbean,John Quincy Adams,1825,1825.0
Anti-Piracy Operations in the Cyclades,GRC,Europe,John Quincy Adams,1827,1827.0
First Sumatran Expedition,IDN,Asia,Andrew Jackson,1832,1832.0
Landing to Protect Foreign Interests During Unrest,ARG,Latin America & Caribbean,Andrew Jackson,1833,1833.0
,COL,Latin America & Caribbean,Andrew Jackson,1834,1834.0
,FRN,Europe,Andrew Jackson,1835,1835.0
Ingham Incident,MEX,Latin America & Caribbean,Andrew Jackson,1835,1835.0
Protection of the American Consulate in in Callao and Lima ,PER,Latin America & Caribbean,Andrew Jackson,1835,1836.0
General Gaines in Nacogdoches,MEX,Latin America & Caribbean,Andrew Jackson,1836,1836.0
General Urrea Incident,MEX,Latin America & Caribbean,Andrew Jackson,1836,1837.0
The Caroline Affair,UKG,N. America,Martin Van Buren,1837,1838.0
Second Sumatran Expedition,IDN,Asia,Martin Van Buren,1838,1839.0
,MEX,Latin America & Caribbean,Martin Van Buren,1838,1838.0
Aroostook War (Pork and Beans War),UKG,N. America,Martin Van Buren,1839,1839.0
Fiji punitive expedition,FIJ,Oceania,Martin Van Buren,1840,1840.0
Battle of Drummond's Island,KIR,Oceania,Martin Van Buren,1841,1841.0
Retaliation for treaty abrogation,WSM,Oceania,Martin Van Buren,1841,1841.0
Capture of Monterey,MEX,Latin America & Caribbean,John Tyler,1842,1842.0
Landing to Protect Americans in Canton,CHN,Asia,John Tyler,1843,1843.0
,MEX,Latin America & Caribbean,John Tyler,1843,1848.0
Mexican-American War,MEX,Latin America & Caribbean,James K. Polk,1846,1848.0
,UKG,N. America,James K. Polk,1846,1846.0
,TUR,,,1849,
,MEX,Latin America & Caribbean,Millard Fillmore,1850,1851.0
The Cardenas Expedition,SPN,Latin America & Caribbean,Millard Fillmore,1850,1850.0
Freeing US merchant ship,Johanns Isl.,Africa,Millard Fillmore,1851,1851.0
Jaffa Massacre Deployment,TUR,Asia,Millard Fillmore,1851,1851.0
Buenos Aires Protection,ARG,Latin America & Caribbean,Millard Fillmore,1852,1853.0
Lobos Islands Affair,PER,Latin America & Caribbean,Millard Fillmore,1852,1852.0
Koszta/Smyrna Affair,AUH,Europe,Franklin Pierce,1853,1853.0
Perry Expedition,JPN,Asia,Franklin Pierce,1853,1854.0
Burning of San Juan Del Norte,NIC,Latin America & Caribbean,Franklin Pierce,1853,1854.0
Battle of Muddy Flat,CHN,Asia,Franklin Pierce,1854,1854.0
,NIC,Latin America & Caribbean,Franklin Pierce,1854,1854.0
The Black Warrior Affair,SPN,Latin America & Caribbean,Franklin Pierce,1854,1854.0
Bombardment of Greytown,UKG,Latin America & Caribbean,Franklin Pierce,1854,1854.0
Anti-Piracy Efforts in Shanghai and Ty-ho Bay,CHN,Asia,Franklin Pierce,1855,1855.0
Fiji Punitive Expedition,FIJ,Oceania,Franklin Pierce,1855,1855.0
Callahan's Raid,MEX,Latin America & Caribbean,Franklin Pierce,1855,1855.0
1855 Diplomatic Crisis Over Cuba,SPN,Latin America & Caribbean,Franklin Pierce,1855,1855.0
Protection of Foreign Nationals During Instability in Montevideo,URU,Latin America & Caribbean,Franklin Pierce,1855,1855.0
Battle of the Barrier Forts,CHN,Asia,Franklin Pierce,1856,1856.0
Isthmus Mail Tax,COL,Latin America & Caribbean,Franklin Pierce,1856,1856.0
1st U.S. Military Intervention into Panama,PAN,Latin America & Caribbean,Franklin Pierce,1856,1856.0
Show of Force in Gulf of Mexico,UKG,N. America,Franklin Pierce,1856,1856.0
William Walker's Surrender,NIC,Latin America & Caribbean,James Buchanan,1857,1857.0
Fiji punitive expedition,FIJ,Oceania,James Buchanan,1858,1858.0
Paraguay Expedition,PAR,Latin America & Caribbean,James Buchanan,1858,1859.0
,PER,Latin America & Caribbean,James Buchanan,1858,1858.0
Response Jaffa Riots,TUR,Asia,James Buchanan,1858,1858.0
Forgotten Crisis of 1858,UKG,N. America,James Buchanan,1858,1858.0
Landing During Instability in Uruguay,URU,Latin America & Caribbean,James Buchanan,1858,1858.0
Landing at Shanghai During Period of Unrest,CHN,Asia,James Buchanan,1859,1859.0
Kisembo Unrest,ANG,Africa,James Buchanan,1860,1860.0
Colombian Revolution Intervention,COL,Latin America & Caribbean,James Buchanan,1860,1860.0
Border Incursions in Pursuit of Juan Cortina,MEX,Latin America & Caribbean,James Buchanan,1860,1860.0
Battle of Anton Lizardo,MEX,Latin America & Caribbean,James Buchanan,1860,1860.0
Mexican War of Reform ,UKG/FRN/SPN,Latin America & Caribbean,James Buchanan,1860,1860.0
Trent Affair,UKG/CUB/RUS,Europe,Abraham Lincoln,1861,1861.0
Shimonoseki Campaign,JPN,Asia,Abraham Lincoln,1863,1864.0
,JPN,Asia,Abraham Lincoln,1864,1864.0
,SPN,Latin America & Caribbean,Abraham Lincoln,1864,1864.0
The French Intervention in Mexico,FRN,Latin America & Caribbean,Andrew Johnson,1865,1866.0
"The ""Glorious Revolution"" of the 9th",PAN,Latin America & Caribbean,Abraham Lincoln,1865,1865.0
Blockade Dispute with Brazil ,BRA,Latin America & Caribbean,Andrew Johnson,1866,1866.0
US Consul Protection,CHN,Asia,Andrew Johnson,1866,1866.0
Occupation of Matamoros,MEX,Latin America & Caribbean,Andrew Johnson,1866,1866.0
The Bombardment of Valparaiso,SPN,Latin America & Caribbean,Andrew Johnson,1866,1866.0
Presidential Transition Show of Force,NIC,Latin America & Caribbean,Andrew Johnson,1867,1867.0
Formosa Expedition,TAW,Asia,Andrew Johnson,1867,1867.0
Chiriquí Intervention,COL,Latin America & Caribbean,Andrew Johnson,1868,1868.0
Boshin War,JPN,Asia,Andrew Johnson,1868,1868.0
Montevideo Uprising,URU,Latin America & Caribbean,Andrew Johnson,1868,1868.0
Dominican Republic Interference,HAI,Latin America & Caribbean,Ulysses S. Grant,1869,1869.0
Tianjin Massacre,CHN,Asia,Ulysses S. Grant,1870,1870.0
,Hawaii,Asia,Ulysses S. Grant,1870,1870.0
Battle of Boca Teacapan,MEX,Latin America & Caribbean,Ulysses S. Grant,1870,1870.0
Korea Shipwreck Incident,KOR,Asia,Ulysses S. Grant,1871,1871.0
Isthmus Revolutions,COL,Latin America & Caribbean,Ulysses S. Grant,1873,1873.0
Border Crossings by U.S. Troops,MEX,Latin America & Caribbean,Ulysses S. Grant,1873,1882.0
,SPN,Latin America & Caribbean,Ulysses S. Grant,1873,1873.0
Honolulu Courthouse Intervention,Hawaii,Asia,Ulysses S. Grant,1874,1874.0
The USS Saranac in Mexico,MEX,Latin America & Caribbean,Ulysses S. Grant,1874,1875.0
Evacuation of Matamoros,MEX,Latin America & Caribbean,Ulysses S. Grant,1876,1876.0
,MEX,Latin America & Caribbean,Rutherford B. Hayes,1880,1880.0
,UKG,Europe,Rutherford B. Hayes,1881,1881.0
Alexandria intervention,EGY,Africa,Chester A. Arthur,1882,1882.0
,HAI,Latin America & Caribbean,Chester A. Arthur,1882,1882.0
War of the Pacific,CHL,Latin America & Caribbean,Chester A. Arthur,1883,1883.0
,GUA,Latin America & Caribbean,Grover Cleveland,1885,1885.0
,JPN,Asia,Grover Cleveland,1885,1885.0
Rebel Takeover of Colón and Panama City,PAN,Latin America & Caribbean,Chester A. Arthur,1885,1885.0
,MEX,Latin America & Caribbean,Grover Cleveland,1886,1886.0
Samoan Crisis,GMY,Oceania,Grover Cleveland,1888,1889.0
Haitian Revolution,HAI,Latin America & Caribbean,Grover Cleveland,1888,1889.0
Baby Riots,KOR,Asia,Grover Cleveland,1888,1888.0
Protective mission,WSM,Oceania,Grover Cleveland,1888,1889.0
,HAI,Latin America & Caribbean,Benjamin Harrison,1889,1889.0
Coup attempt,Hawaii,N. America,Benjamin Harrison,1889,1889.0
Buenos Aires protective mission,ARG,Latin America & Caribbean,Benjamin Harrison,1890,1890.0
Chilean Civil War and the Baltimore Affair,CHL,Latin America & Caribbean,Benjamin Harrison,1891,1892.0
Attempt to Lease Mole St. Nicolas,HAI,Latin America & Caribbean,Benjamin Harrison,1891,1891.0
Hawaiian Coup Troop Landing,Hawaii,Asia,Benjamin Harrison,1893,1893.0
Havana Ranch Incident,MEX,Latin America & Caribbean,Benjamin Harrison,1893,1893.0
Rio de Janeiro Affair,BRA,Latin America & Caribbean,Grover Cleveland,1894,1894.0
Sino-Japanese War,CHN,Asia,Grover Cleveland,1894,1895.0
,CHN,Asia,Grover Cleveland,1894,1895.0
Korea Crisis in Sino-Japanese War,KOR,Asia,Grover Cleveland,1894,1896.0
Protective mission,NIC,Latin America & Caribbean,Grover Cleveland,1894,1894.0
Bocas del Toro Landing,COL,Latin America & Caribbean,Grover Cleveland,1895,1895.0
,FRN,Latin America & Caribbean,Grover Cleveland,1895,1895.0
,SPN,Europe,Grover Cleveland,1895,1895.0
,COL,Latin America & Caribbean,Grover Cleveland,1896,1896.0
Protective mission,NIC,Latin America & Caribbean,Grover Cleveland,1896,1896.0
Marine stationing in Beijing and Tientsin,CHN,Asia,William McKinley,1898,1898.0
Protective mission,NIC,Latin America & Caribbean,William McKinley,1898,1898.0
,PRI,Latin America & Caribbean,William McKinley,1898,1898.0
Spanish-American War,SPN,Europe,William McKinley,1898,1898.0
,"SPN, Guam",Oceania,William McKinley,1898,1899.0
Protective mission,NIC,Latin America & Caribbean,William McKinley,1899,1899.0
The Philippine-American War,PHI,Asia,William McKinley,1899,1906.0
War of Succession,WSM,Oceania,William McKinley,1899,1899.0
Boxer Rebellion,CHN,Asia,William McKinley,1900,1900.0
Anticipated Protective Mission,DOM,Latin America & Caribbean,William McKinley,1900,1900.0
Retaking Colón,COL,Latin America & Caribbean,Theodore Roosevelt,1901,1901.0
Continued Isthmus Unrest,COL,Latin America & Caribbean,Theodore Roosevelt,1902,1902.0
Return to Bocas del Toro,COL,Latin America & Caribbean,Theodore Roosevelt,1902,1902.0
Alaska Boundary Dispute,UKG,n. America,Theodore Roosevelt,1902,1903.0
Venezuelan Crisis,"UKG, GMY, ITA",Latin America & Caribbean,Theodore Roosevelt,1902,1903.0
,BRA,Latin America & Caribbean,Theodore Roosevelt,1903,1903.0
US Recognition of Independent Panama,COL,Latin America & Caribbean,Theodore Roosevelt,1903,1914.0
Landing During 1903 Revolution,DOM,Latin America & Caribbean,Theodore Roosevelt,1903,1903.0
The Skinner Mission to Ethiopia,ETH,Africa,Theodore Roosevelt,1903,1904.0
Conservative Rebellion of 1903,HON,Latin America & Caribbean,Theodore Roosevelt,1903,1903.0
,PAN,Latin America & Caribbean,Theodore Roosevelt,1903,1914.0
Beirut intervention,SYR,Asia,Theodore Roosevelt,1903,1903.0
,UKG,Europe,Theodore Roosevelt,1903,1903.0
The Seven Red Flags Battle,DOM,Latin America & Caribbean,Theodore Roosevelt,1904,1904.0
Korea Crisis in Russo-Japanese War,KOR,Asia,Theodore Roosevelt,1904,1905.0
Tangiers Hostages,MOR,Africa,Theodore Roosevelt,1904,1904.0
Huerta's Resignation,PAN,Latin America & Caribbean,Theodore Roosevelt,1904,1904.0
,CHN,Asia,Theodore Roosevelt,1905,1906.0
Occupation of Cuba,CUB,Latin America & Caribbean,Theodore Roosevelt,1906,1909.0
Honduran Rebellion,HON,Latin America & Caribbean,Theodore Roosevelt,1907,1907.0
1908 Panamanian Election,PAN,Latin America & Caribbean,Theodore Roosevelt,1908,1908.0
Estrada’s Rebellion,NIC,Latin America & Caribbean,Theodore Roosevelt,1909,1933.0
Nicaraguan civil war,NIC,Latin America & Caribbean,William Howard Taft,1910,1910.0
Chinese Revolution,CHN,Asia,William Howard Taft,1911,1913.0
,GUA,Latin America & Caribbean,William Howard Taft,1911,1911.0
Rebellion Against Antoine Simon,HAI,Latin America & Caribbean,William Howard Taft,1911,1911.0
General Bonilla’s Counter-Rebellion,HON,Latin America & Caribbean,William Howard Taft,1911,1911.0
The Mexican Revolution,MEX,Latin America & Caribbean,William Howard Taft,1911,1919.0
,CHN,Asia,William Howard Taft,1912,1941.0
Protection of Kentucky Island and Camp Nicholson,CHN,Asia,William Howard Taft,1912,1912.0
Cuban rebels,CUB,Latin America & Caribbean,William Howard Taft,1912,1912.0
Attempted Seizure at Puerto Cortez,HON,Latin America & Caribbean,William Howard Taft,1912,1912.0
Liberal Uprising,NIC,Latin America & Caribbean,William Howard Taft,1912,1912.0
1912 Panama Election,PAN,Latin America & Caribbean,William Howard Taft,1912,1914.0
Constantinople Intervention/1st Balkan War,TUR,Asia,William Howard Taft,1912,1912.0
,MEX,Latin America & Caribbean,Woodrow Wilson,1913,1914.0
Instability in the Dominican Republic,DOM,Latin America & Caribbean,Woodrow Wilson,1914,1914.0
,DOM,Latin America & Caribbean,Woodrow Wilson,1914,1914.0
Landings During Revolutionary Instability in Haiti,HAI,Latin America & Caribbean,Woodrow Wilson,1914,1914.0
,MEX,Latin America & Caribbean,Woodrow Wilson,1914,1917.0
,GMY,Europe,Woodrow Wilson,1915,1915.0
US Occupation of Haiti,HAI,Latin America & Caribbean,Woodrow Wilson,1915,1920.0
,MEX,Latin America & Caribbean,Woodrow Wilson,1915,1915.0
Nanjing Incident (Nanking),CHN,Asia,Woodrow Wilson,1916,1916.0
Military Occupation,DOM,Latin America & Caribbean,Woodrow Wilson,1916,1924.0
,MEX,Latin America & Caribbean,Woodrow Wilson,1916,1917.0
WWI,"AUH, BUL, GMY, TUR",Europe,Woodrow Wilson,1917,1918.0
Chungking Incident,CHN,Asia,Woodrow Wilson,1917,1917.0
U.S. Force Deployment,CUB,Latin America & Caribbean,Woodrow Wilson,1917,1922.0
Seizure of German ships,GMY,Europe,Woodrow Wilson,1917,1917.0
,SWD,Europe,Woodrow Wilson,1917,1917.0
The Adriatic Question,CRO,Europe,Woodrow Wilson,1918,1912.0
Mexican Border Incidents,MEX,Latin America & Caribbean,Woodrow Wilson,1918,1920.0
,MEX,Latin America & Caribbean,Woodrow Wilson,1918,1918.0
Election Unrest and Chiriquí Rebellion,PAN,Latin America & Caribbean,Woodrow Wilson,1918,1920.0
,RUS,Europe,Woodrow Wilson,1918,1920.0
Vladivostok Marine deployment ,RUS,Europe,Woodrow Wilson,1918,1922.0
Tegucigalpa Uprising,HON,Latin America & Caribbean,Woodrow Wilson,1919,1919.0
Allied Occupation of Ottoman lands,TUR,Asia,Woodrow Wilson,1919,1919.0
Kiukiang Incident,CHN,Asia,Woodrow Wilson,1920,1920.0
The Unionista Revolution,GUA,Latin America & Caribbean,Woodrow Wilson,1920,1920.0
Election dispute,CUB,Latin America & Caribbean,Woodrow Wilson,1921,1921.0
Border dispute,PAN/COS,Latin America & Caribbean,Woodrow Wilson,1921,1921.0
Deterring War with Honduras,SAL,Latin America & Caribbean,Warren G. Harding,1921,1921.0
Miscellaneous Landings,CHN,Asia,Warren G. Harding,1922,1922.0
Evacuation during Greek-Turkish War,TUR,Asia,Warren G. Harding,1922,1922.0
Shanghai Landing,CHN,Asia,Calvin Coolidge,1924,1924.0
Honduran Civil War of 1924,HON,Latin America & Caribbean,Calvin Coolidge,1924,1924.0
De la Huerta Rebellion,MEX,Latin America & Caribbean,Warren G. Harding,1924,1924.0
Protection of Shanghai ,CHN,Asia,Calvin Coolidge,1925,1925.0
Uprising of 1925,HON,Latin America & Caribbean,Calvin Coolidge,1925,1925.0
Panama Rent Riots,PAN,Latin America & Caribbean,Calvin Coolidge,1925,1925.0
Hankow deployment,CHN,Asia,Calvin Coolidge,1926,1926.0
Removal of Nicaraguan President/civil war,NIC,Latin America & Caribbean,Calvin Coolidge,1926,1933.0
Nanjing Incident,CHN,Asia,Calvin Coolidge,1927,1927.0
Las Limas Bombing,HON,Latin America & Caribbean,Herbert Hoover,1929,1929.0
Shanghai Incident,CHN,Asia,Herbert Hoover,1932,1932.0
,JPN,Asia,Herbert Hoover,1932,1932.0
Communist Uprising,SAL,Latin America & Caribbean,Herbert Hoover,1932,1932.0
Cuban Revolution of 1933,CUB,Latin America & Caribbean,Franklin D. Roosevelt,1933,1934.0
Foochow Protective Mission,CHN,Asia,Franklin D. Roosevelt,1934,1934.0
Panay Incident,JPN,Asia,Franklin D. Roosevelt,1937,1937.0
,GMY,Europe,Franklin D. Roosevelt,1939,1939.0
,UKG,Europe,Franklin D. Roosevelt,1939,1940.0
Deterrence Campaign Against Japan,JPN,Asia,Franklin D. Roosevelt,1940,1941.0
,"Newfoundland, Bermuda, St. Lucia, BHM, JAM, AAB, TRI, British Guiana",Latin America & Caribbean,Franklin D. Roosevelt,1940,1940.0
,BUL,Europe,Franklin D. Roosevelt,1941,1941.0
,GMY,Europe,Franklin D. Roosevelt,1941,1941.0
,Greenland,Europe,Franklin D. Roosevelt,1941,1941.0
,ICE,Europe,Franklin D. Roosevelt,1941,1941.0
WWII,"JPN, GMY, ITA, ROM, HUN, BUL",Asia,Franklin D. Roosevelt,1941,1945.0
,NTH,Europe,Franklin D. Roosevelt,1941,1941.0
,FRN,Europe,Franklin D. Roosevelt,1942,1942.0
,THI,Asia,Franklin D. Roosevelt,1942,1942.0
,ITA,Europe,Franklin D. Roosevelt,1943,1943.0
Operation Beleaguer,CHN,Asia,Harry S. Truman,1945,1949.0
Turkish Strait Crisis,RUS,Europe,Harry S. Truman,1946,1946.0
Airspace Violations,YUG,Europe,Harry S. Truman,1946,1946.0
,LBR,,,1947,1947.0
Uruguay Presidential Inauguration,URU,Latin America & Caribbean,Harry S. Truman,1947,1947.0
,CHN,Asia,Harry S. Truman,1948,1949.0
Greek Civil War,GRC,Europe,Harry S. Truman,1948,1949.0
Arab-Israeli Conflict  Evacuation,ISR,Asia,Harry S. Truman,1948,1949.0
Berlin Airlift,RUS,Europe,Harry S. Truman,1948,1949.0
,CHN,Asia,Harry S. Truman,1949,1950.0
,TAW,Asia,Harry S. Truman,1949,1950.0
Yugaslavian Split from Eastern Bloc,"YUG, BUL, RUS",Europe,Harry S. Truman,1949,1951.0
Korean War,"CHN, PRK",Asia,Harry S. Truman,1950,1953.0
Jayuya Uprising  ,PRI,Latin America & Caribbean,Harry S. Truman,1950,1950.0
Huk Rebellion,PHL,Asia,Harry S. Truman,1951,1954.0
U.S. Protection of Taiwan,TAW,Asia,Harry S. Truman,1951,1954.0
,ECU,Latin America & Caribbean,Harry S. Truman,1952,1952.0
Air interdictions with China and Russia,"CHN, RUS",Asia,Dwight D. Eisenhower,1953,1953.0
Aircraft Interception,"CZE, RUS",Europe,Harry S. Truman,1953,1953.0
Coup in Iran,IRN,Asia,Dwight D. Eisenhower,1953,1953.0
AGGREGATED TO FIRST TAIWAN STRAIT CRISIS,"RUS, CHN",Europe,Harry S. Truman,1953,1956.0
First Taiwanese Strait Crisis,"TAW, CHN",Asia,Harry S. Truman,1953,1955.0
Cathay Pacific Douglas DC-4 Shootdown,CHN,Asia,Dwight D. Eisenhower,1954,1954.0
Guatemala Coup D'etat,GUA,Latin America & Caribbean,Dwight D. Eisenhower,1954,1954.0
Nicaragua/Costa Rica Dispute,NIC,Latin America & Caribbean,Dwight D. Eisenhower,1954,1954.0
Threat to North Korea,PRK,Asia,Dwight D. Eisenhower,1954,1956.0
,SWZ,Europe,Dwight D. Eisenhower,1954,1954.0
Chinese Air Battle,CHN,Asia,Dwight D. Eisenhower,1955,1955.0
Military Advisors to Vietnam,DRV,Asia,Dwight D. Eisenhower,1955,1964.0
,ECU,Latin America & Caribbean,Dwight D. Eisenhower,1955,1955.0
,PER,Latin America & Caribbean,Dwight D. Eisenhower,1955,1955.0
Search & Rescue in East China Sea,CHN,Asia,Dwight D. Eisenhower,1956,1956.0
,EGY,Africa,Dwight D. Eisenhower,1956,1956.0
Suez Crisis,RUS,Europe,Dwight D. Eisenhower,1956,1956.0
Skirmish over Chinese Air Space,CHN,Asia,Dwight D. Eisenhower,1957,1957.0
,CZE,Europe,Dwight D. Eisenhower,1957,1957.0
,SYR,Asia,Dwight D. Eisenhower,1957,1957.0
,ALB,Europe,Dwight D. Eisenhower,1958,1958.0
Second Taiwan Strait Crisis,CHN,Europe,Dwight D. Eisenhower,1958,1958.0
,CUB,Latin America & Caribbean,Dwight D. Eisenhower,1958,1958.0
,GDR,Europe,Dwight D. Eisenhower,1958,1958.0
,GUA,Latin America & Caribbean,Dwight D. Eisenhower,1958,1958.0
Tension with Iraq,IRQ,Asia,Dwight D. Eisenhower,1958,1959.0
Operation Blue Bat,"LEB, RUS, IRQ, EGY",Asia,Dwight D. Eisenhower,1958,1958.0
,PAN,Latin America & Caribbean,Dwight D. Eisenhower,1958,1959.0
Air Incidents,PRK,Asia,Dwight D. Eisenhower,1958,1961.0
Berlin Corridor Issue,RUS,Europe,Dwight D. Eisenhower,1958,1959.0
Accidental Violations of Soviet Airspace,RUS,Europe,Dwight D. Eisenhower,1958,1958.0
,RUS,Europe,Dwight D. Eisenhower,1958,1958.0
Rescue Operations During Cuban Crisis,CUB,Latin America & Caribbean,Dwight D. Eisenhower,1959,1960.0
,CHN,Asia,Dwight D. Eisenhower,1960,1960.0
Bay of Pigs Invasion,CUB,Latin America & Caribbean,Dwight D. Eisenhower,1960,1961.0
Congo Crisis,DRC,Africa,Dwight D. Eisenhower,1960,1964.0
Downing of U.S. Spy Planes,RUS,Europe,Dwight D. Eisenhower,1960,1960.0
Dominican Republic Intervention,DOM,Latin America & Caribbean,John F. Kennedy,1961,1961.0
,DRV,Asia,John F. Kennedy,1961,1962.0
,"DRV, RUS, CHIN",Asia,Dwight D. Eisenhower,1961,1961.0
Berlin Crisis,"GDR, POL, CZE, RUS",Europe,John F. Kennedy,1961,1961.0
Checkpoint Charlie Standoff,RUS,Europe,John F. Kennedy,1961,1961.0
Quemoy Shelling,CHN,Asia,John F. Kennedy,1962,1962.0
Cuban Missile Crisis,"CUB, RUS",Latin America & Caribbean,John F. Kennedy,1962,1962.0
,"EGY, YAR",Africa,John F. Kennedy,1962,1962.0
Laos Civil War,"LAO, CHIN",Asia,John F. Kennedy,1962,1973.0
,PER,Latin America & Caribbean,John F. Kennedy,1962,1962.0
,PRK,Asia,John F. Kennedy,1962,1964.0
Support for Thai Regime,THI,Asia,John F. Kennedy,1962,1962.0
,ECU,Latin America & Caribbean,John F. Kennedy,1963,1963.0
Haiti - Domincan Republic Dispute ,"HAI, DOM",Latin America & Caribbean,John F. Kennedy,1963,1963.0
1963 Iraqi Coup,IRQ,Asia,John F. Kennedy,1963,1963.0
,RUS,Europe,John F. Kennedy,1963,1963.0
,RUS,Europe,John F. Kennedy,1963,1963.0
Cambodia Bombing Campaign,CAM,Asia,Lyndon B. Johnson,1964,1969.0
Operations Dragon Rouge & Dragon Noir,DRC,Africa,Lyndon B. Johnson,1964,1965.0
,"PRK, RUS, ROK",Asia,Lyndon B. Johnson,1964,1969.0
,RUS,Europe,Lyndon B. Johnson,1964,1964.0
,RUS,Europe,Lyndon B. Johnson,1964,1964.0
Vietnam War,"RVN, RUS, CHIN, DRV, LAO",Asia,Lyndon B. Johnson,1964,1973.0
China/US Air Skirmishes,CHN,Asia,Lyndon B. Johnson,1965,1968.0
,"CHN, CAM",Asia,Lyndon B. Johnson,1965,1966.0
Operation Power Pack,DOM,Latin America & Caribbean,Lyndon B. Johnson,1965,1966.0
,INS,Asia,Lyndon B. Johnson,1965,1965.0
Air Skirmish,PRK,Asia,Lyndon B. Johnson,1965,1965.0
Guatemalan Civil War,GUA,Latin America & Caribbean,Lyndon B. Johnson,1966,1968.0
,RUS,Europe,Lyndon B. Johnson,1966,1966.0
,CAM,Asia,Lyndon B. Johnson,1967,1967.0
Stanleyville Mutiny,DRC,Africa,Lyndon B. Johnson,1967,1967.0
,ECU,Latin America & Caribbean,Lyndon B. Johnson,1967,1967.0
,RUS,Europe,Lyndon B. Johnson,1967,1967.0
,RUS,Europe,Lyndon B. Johnson,1967,1967.0
Six Day War Rescue,RUS,Europe,Lyndon B. Johnson,1967,1967.0
Sea of Japan Bumpings,RUS,Europe,Lyndon B. Johnson,1967,1967.0
,CAM,Asia,Lyndon B. Johnson,1968,1969.0
Buzzing of US Navy,EGY,Africa,Lyndon B. Johnson,1968,1968.0
Seizure of USS Pueblo,PRK,Asia,Lyndon B. Johnson,1968,1968.0
Chinese Fishing Boat Provocation,CHN,Asia,Richard Nixon,1969,1969.0
,PER,Latin America & Caribbean,Lyndon B. Johnson,1969,1969.0
Shooting Down of U.S. Plane,PRK,Asia,Richard Nixon,1969,1969.0
Cambodia Campaign in Vietnam War,CAM,Asia,Richard Nixon,1970,1970.0
Armenia detention,RUS,Europe,Richard Nixon,1970,1970.0
Jordanian Crisis/Black Semptember,"RUS, IRQ, SYR",Asia,Richard Nixon,1970,1970.0
,CHN,Asia,Richard Nixon,1971,1971.0
US/Cuba Ship Seizures,CUB,Latin America & Caribbean,Richard Nixon,1971,1971.0
,ECU,Latin America & Caribbean,Richard Nixon,1971,1971.0
Bombing of Chinese life boats,CHN,Asia,Richard Nixon,1972,1972.0
,ECU,Latin America & Caribbean,Richard Nixon,1972,1972.0
,RUS,Europe,Richard Nixon,1972,1972.0
Chilean Coup D'etat,CHL,Latin America & Caribbean,Richard Nixon,1973,1973.0
,LIB,Africa,Richard Nixon,1973,1973.0
Yom Kippur War/October War,RUS,Europe,Richard Nixon,1973,1973.0
,CUB,Latin America & Caribbean,Richard Nixon,1974,1974.0
Mayaguez crisis,CAM,Asia,Gerald Ford,1975,1975.0
Show of U.S. Planes,PRK,Asia,Gerald Ford,1975,1975.0
,ANG,Africa,Gerald Ford,1976,1992.0
Fishing Vessel Seizure,CUB,Latin America & Caribbean,Gerald Ford,1976,1976.0
,ISR,Asia,Gerald Ford,1976,1976.0
Evacuation of Beirut,LEB,Asia,Gerald Ford,1976,1976.0
,PRK,Asia,Gerald Ford,1976,1976.0
Panmunjom Tree Incident,PRK,Asia,Gerald Ford,1976,1976.0
,CUB,Latin America & Caribbean,Jimmy Carter,1977,1977.0
North Korea Hostilities,PRK,Asia,Jimmy Carter,1977,1978.0
"Russia, 1977",RUS,Europe,Jimmy Carter,1977,1977.0
Battle of Kolwezi,DRC,Africa,Jimmy Carter,1978,1978.0
US-USSR Tensions over Iran,RUS,Europe,Jimmy Carter,1978,1979.0
,CAN,N. America,Jimmy Carter,1979,1979.0
Caribbean task force,"CUB, RUS",Latin America & Caribbean,Jimmy Carter,1979,1979.0
,NIC,Latin America & Caribbean,Jimmy Carter,1979,1979.0
,PER,Latin America & Caribbean,Jimmy Carter,1979,1979.0
Reunification Talks skirmishes,PRK,Asia,Jimmy Carter,1979,1980.0
Russia Torpedo Seizure,RUS,Europe,Jimmy Carter,1979,1979.0
,ECU,Latin America & Caribbean,Jimmy Carter,1980,1981.0
Iran Hostages Rescue Mission,IRN,Asia,Jimmy Carter,1980,1980.0
DUPLICATE ENTRY,IRN,Asia,Jimmy Carter,1980,1980.0
Anorack Express Exercise,RUS,Europe,Jimmy Carter,1980,1980.0
Tension with Cuba over El Salvador ,CUB,Latin America & Caribbean,Ronald Reagan,1981,1981.0
Gulf of Sidra Incident,LIB,Africa,Ronald Reagan,1981,1981.0
Gulf of Sidra Incident,LIB,Africa,Ronald Reagan,1981,1981.0
,PRK,Asia,Ronald Reagan,1981,1982.0
,RUS,Europe,Ronald Reagan,1981,1981.0
Salvadorian Civil War,SAL,Latin America & Caribbean,Ronald Reagan,1981,1992.0
Sinai Peacekeeping,EGY,Africa,Ronald Reagan,1982,1982.0
Greco-Turkish Tensions,GRC,Europe,Ronald Reagan,1982,1984.0
,LIB,Africa,Ronald Reagan,1982,1982.0
Contra Affair,NIC,Latin America & Caribbean,Ronald Reagan,1982,1982.0
Kuril Islands Dispute,RUS,Europe,Ronald Reagan,1982,1986.0
,RUS,Europe,Ronald Reagan,1982,1982.0
Lebanese Civil War,"SYR, LEB",Asia,Ronald Reagan,1982,1984.0
,YPR,Asia,Ronald Reagan,1982,1982.0
DUPLICATE W. 1983 LIBYA,CHA,Africa,Ronald Reagan,1983,1983.0
US Violation of Cuban Airspace,CUB,Latin America & Caribbean,Ronald Reagan,1983,1983.0
Invasion of Grenada/Operation Urgent Fury,GRN,Latin America & Caribbean,Ronald Reagan,1983,1983.0
US/Honduras Intervention in Nicaragua,HON,Latin America & Caribbean,Ronald Reagan,1983,1989.0
Strait of Hormuz conflict,IRN,Asia,Ronald Reagan,1983,1983.0
AWACS Deployment,LIB,Africa,Ronald Reagan,1983,1983.0
Chadian Civil War,"LIB, CHA",Africa,Ronald Reagan,1983,1983.0
U.S. Support for Honduras,NIC,Latin America & Caribbean,Ronald Reagan,1983,1988.0
North/South Korea Skirmishes,PRK,Asia,Ronald Reagan,1983,1983.0
"Able Archer
",RUS,Europe,Ronald Reagan,1983,1984.0
Red Sea Minesweeping,EGY,Africa,Ronald Reagan,1984,1984.0
,IRN,Asia,Ronald Reagan,1984,1984.0
Assistance to Saudi defence,IRN,Asia,Ronald Reagan,1984,1984.0
Attack on Omdurman,LIB,Africa,Ronald Reagan,1984,1984.0
,PRK,Asia,Ronald Reagan,1984,1985.0
,RUS,Europe,Ronald Reagan,1984,1984.0
,CZE,Europe,Ronald Reagan,1985,1985.0
,"GDR, RUS",Europe,Ronald Reagan,1985,1985.0
Iran - Iraq War,IRN,Asia,Ronald Reagan,1985,1986.0
Achille Lauro Hijacking,ITA,Europe,Ronald Reagan,1985,1985.0
Libya-Egypt border tensions,LIB,Africa,Ronald Reagan,1985,1985.0
Drug seizure in Bolivia,BOL,Latin America & Caribbean,Ronald Reagan,1986,1986.0
Sonic Boom event,CUB,Latin America & Caribbean,Ronald Reagan,1986,1986.0
U.S. Mechant Siezure,IRN,Asia,Ronald Reagan,1986,1988.0
Operation El Dorado Canyon,LIB,Africa,Ronald Reagan,1986,1986.0
Gulf of Sidra Incident,LIB,Africa,Ronald Reagan,1986,1986.0
,NIC,Latin America & Caribbean,Ronald Reagan,1986,1988.0
,RUS,Europe,Ronald Reagan,1986,1986.0
,RUS,Europe,Ronald Reagan,1986,1986.0
,IRN,Asia,Ronald Reagan,1987,1988.0
USS Stark Incident,IRQ,Asia,Ronald Reagan,1987,1987.0
Political Unrest,PAN,Latin America & Caribbean,Ronald Reagan,1987,1988.0
,IRQ,Asia,Ronald Reagan,1988,1988.0
Downing of Libyan Jets,LIB,Africa,Ronald Reagan,1988,1989.0
,CAN,N. America,George H. W. Bush,1989,1989.0
Andean Initiative War on Drugs,"COL, BOL, PER",Latin America & Caribbean,George H. W. Bush,1989,1994.0
Operation Just Cause,PAN,Latin America & Caribbean,George H. W. Bush,1989,1990.0
Philippines Coup Attempt,PHI,Asia,George H. W. Bush,1989,1989.0
,CUB,Latin America & Caribbean,George H. W. Bush,1990,1990.0
,IRQ,Asia,George H. W. Bush,1990,1991.0
,KUW,Asia,George H. W. Bush,1990,1991.0
Operation Sharp Edge,LBR,Africa,George H. W. Bush,1990,1991.0
Operation Desert Shield,SAU,Asia,George H. W. Bush,1990,1991.0
Fishing Boats,CAN,N. America,George H. W. Bush,1991,1991.0
DRC Troops Airlift,DRC,Africa,George H. W. Bush,1991,1991.0
Attack on USS La Salle,IRN,Asia,George H. W. Bush,1991,1991.0
,IRQ,Asia,George H. W. Bush,1991,2003.0
"Operation Southern Watch, Operation Vigilant Warrior, Operation Provide Comfort/ Provide Comfort II/ Operation Northern Watch",IRQ,Asia,George H. W. Bush,1991,2003.0
Operation Desert Storm,IRQ,Asia,George H. W. Bush,1991,1991.0
Operation Eastern Exit,SOM,Africa,George H. W. Bush,1991,1991.0
Air Skirmish,PER,Latin America & Caribbean,George H. W. Bush,1992,1992.0
Embassy Evacuation,SIE,Africa,George H. W. Bush,1992,1992.0
Operation Restore Hope,SOM,Africa,George H. W. Bush,1992,1993.0
Operation Provide Relief,SOM,Africa,George H. W. Bush,1992,1992.0
NATO Intervention in Yugoslavia,YUG,Europe,George H. W. Bush,1992,1996.0
NATO Intervention in Bosnia,BOS,Europe,Bill Clinton,1993,2004.0
"Operation Southern Watch, Operation Vigilant Warrior, Operation Provide Comfort/ Provide Comfort II/ Operation Northern Watch",IRQ,Asia,George H. W. Bush,1993,1993.0
"Operation Southern Watch, Operation Vigilant Warrior, Operation Provide Comfort/ Provide Comfort II/ Operation Northern Watch",IRQ,Asia,Bill Clinton,1993,1993.0
UN Resolution 842,MAC,Europe,Bill Clinton,1993,1999.0
PRK Tension,PRK,Asia,Bill Clinton,1993,1999.0
NPT Threats,PRK,Asia,Bill Clinton,1993,1993.0
,SOM,Africa,Bill Clinton,1993,1994.0
UNOSOM II,SOM,Africa,Bill Clinton,1993,1995.0
,CHN,Asia,Bill Clinton,1994,1994.0
Operation Support Hope,DRC,Africa,Bill Clinton,1994,1994.0
Operation Uphold Democracy,HAI,Latin America & Caribbean,Bill Clinton,1994,1995.0
"Operation Southern Watch, Operation Vigilant Warrior, Operation Provide Comfort/ Provide Comfort II/ Operation Northern Watch",IRQ,Asia,Bill Clinton,1994,1995.0
,MAC,Europe,Bill Clinton,1994,1994.0
Operation Support Hope,RWA,Africa,Bill Clinton,1994,1994.0
Third Taiwan Strait Crisis,CHN,Asia,Bill Clinton,1995,1996.0
Embassy Evacuation NEO,CEN,Africa,Bill Clinton,1996,1996.0
,CUB,Latin America & Caribbean,Bill Clinton,1996,1996.0
"Operation Southern Watch, Operation Vigilant Warrior, Operation Provide Comfort/ Provide Comfort II/ Operation Northern Watch",IRQ,Asia,Bill Clinton,1996,1996.0
Operation Assured Response NEO,LBR,Africa,Bill Clinton,1996,1996.0
,SYR,Asia,Bill Clinton,1996,1996.0
Operation Silver Wake NEO,ALB,Europe,Bill Clinton,1997,1997.0
Citizen Protection Operation,CAM,Asia,Bill Clinton,1997,1997.0
,CAN,N. America,Bill Clinton,1997,1997.0
Evacuating U.S. citizens,DRC,Africa,Bill Clinton,1997,1997.0
Operation Southern Watch,IRN,Asia,Bill Clinton,1997,1997.0
"Operation Southern Watch, Operation Vigilant Warrior, Operation Provide Comfort/ Provide Comfort II/ Operation Northern Watch",IRQ,Asia,Bill Clinton,1997,2003.0
,RUS,Europe,Bill Clinton,1997,1997.0
Operation Nobel Obelisk NEO,SIE,Africa,Bill Clinton,1997,1997.0
Operation Infinite Reach,AFG,Asia,Bill Clinton,1998,1998.0
Evacuation (NEO),GNB,Africa,Bill Clinton,1998,1998.0
Operation Resolute Response,"KEN, TAZ",Africa,Bill Clinton,1998,1998.0
Liberian Civil Wars,LBR,Africa,Bill Clinton,1998,1998.0
Operation Infinite Reach,SUD,Africa,Bill Clinton,1998,1998.0
Taiwan Strait Skirmishes,CHN,Asia,Bill Clinton,1999,2000.0
East Timorese Crisis,ETM,Asia,Bill Clinton,1999,2002.0
Korean Peninsula Hostilities,PRK,Asia,Bill Clinton,1999,1999.0
,RUS,Europe,Bill Clinton,1999,1999.0
Vargas Tragedy,VEN,Latin America & Caribbean,Bill Clinton,1999,2000.0
Kosovo Intervention,YUG,Europe,Bill Clinton,1999,1999.0
UN Mission in Ethiopia and Eritrea,ERI,Africa,Bill Clinton,2000,2008.0
,PRK,Asia,Bill Clinton,2000,2000.0
,RUS,Europe,Bill Clinton,2000,2000.0
Russian ship carries illegal Iraqi oil,RUS,Europe,Bill Clinton,2000,2000.0
Bering Straight Probes,RUS,Europe,Bill Clinton,2000,2001.0
IMATT ,SIE,Africa,Bill Clinton,2000,2001.0
Counterterrorism mission,YEM,Asia,Bill Clinton,2000,2000.0
,YUG,Europe,Bill Clinton,2000,2000.0
Kosovo Border,YUG,Europe,Bill Clinton,2000,2000.0
Phiblex 2000,YUG,Europe,Bill Clinton,2000,2000.0
Operation Enduring Freedom Phase 1,AFG,Asia,George W. Bush,2001,2003.0
War in Afghanistan ,AFG,Asia,George W. Bush,2001,2022.0
Hainan Island Incident,CHN,Asia,George W. Bush,2001,2001.0
,CHN,Asia,George W. Bush,2001,2001.0
China/Taiwan Dispute,CHN,Asia,George W. Bush,2001,2001.0
Operation Essential Harvest,MAC,Europe,Bill Clinton,2001,2002.0
Evacuation Mission,CDI,Africa,George W. Bush,2002,2002.0
,CHN,Asia,George W. Bush,2002,2002.0
Colombia Special Forces Deployment,COL   ,Latin America & Caribbean,George W. Bush,2002,2005.0
Operation Enduring Freedom - Horn of Africa,DJI,Africa,George W. Bush,2002,2006.0
U.S. Assistance to Pakistan,PAK,Asia,George W. Bush,2002,2005.0
Operation Freedom Eagle; Operation Enduring Freedom - Philippines,PHI,Asia,George W. Bush,2002,2002.0
,PRK,Asia,George W. Bush,2002,2002.0
Operation Enduring Freedom - Horn of Africa (OEF-HOA),ETH,Africa,George W. Bush,2003,2015.0
Indonesia Freedom of Navigation Operation,INS,Asia,George W. Bush,2003,2003.0
Detention of U.S. Service members,IRN,Asia,George W. Bush,2003,2003.0
Operation Iraqi Freedom ,IRQ,Asia,George W. Bush,2003,2011.0
Joint Task Force Liberia,LBR,Africa,George W. Bush,2003,2003.0
PRK withdraws from NPT,PRK,Asia,George W. Bush,2003,2003.0
Hood Event,TUR,Asia,George W. Bush,2003,2003.0
,CDI,Africa,George W. Bush,2004,2004.0
Operation Secure Tomorrow,HAI,Latin America & Caribbean,George W. Bush,2004,2004.0
Iran Border Fortification,IRN,Asia,George W. Bush,2004,2011.0
Violations of Iranian Airspace,IRN,Asia,George W. Bush,2004,2005.0
Operation Enduring Freedom - Horn of Africa,KEN,Africa,George W. Bush,2004,
Fortification of Kwangju,PRK,Asia,George W. Bush,2004,2004.0
Syria Border Clash,SYR,Asia,George W. Bush,2004,2004.0
Pakistan Earthquake Response,PAK,Asia,George W. Bush,2005,2006.0
Drone Strikes in Waziristan,PAK,Asia,George W. Bush,2005,2006.0
Pakistan drone strikes,PAK,Asia,George W. Bush,2005,2005.0
Iraqi Border Clashes,SYR,Asia,George W. Bush,2005,2005.0
Counterterrorism mission/drones,YEM,Asia,George W. Bush,2005,
Israel-Hezbollah War/July War,LEB,Asia,George W. Bush,2006,2006.0
Drone strikes,PAK,Asia,George W. Bush,2006,2010.0
Support of AMISOM,SOM,Africa,George W. Bush,2006,2008.0
Erbil Raid,IRN,Asia,George W. Bush,2007,2007.0
Detaining Iranian Nationals,IRN,Asia,George W. Bush,2007,2007.0
,IRN,Asia,George W. Bush,2008,2008.0
Waziristan Drone Strikes,PAK,Asia,George W. Bush,2008,2009.0
Airspace violation,PAK,Asia,George W. Bush,2008,2008.0
,SOM,Africa,George W. Bush,2008,2008.0
Abu Kamal Raid,SYR,Asia,George W. Bush,2008,2008.0
Naval Skirmish,CHN,Asia,Barack Obama,2009,2009.0
Trespassing Drone,IRN,Asia,Barack Obama,2009,2009.0
Korean Sea Hostilities,PRK,Asia,Barack Obama,2009,2010.0
Al-Majalah Cruise Missile Strikes,YEM,Asia,Barack Obama,2009,2009.0
Border clash,PAK,Asia,Barack Obama,2010,2010.0
Venezuela Airspace Violation,VEN,Latin America & Caribbean,Barack Obama,2010,2010.0
,DRC,Africa,Barack Obama,2011,
Operation Odyssey Dawn,LIB,Africa,Barack Obama,2011,2011.0
,SSD,Africa,Barack Obama,2011,
Timber Sycamore,SYR,,Barack Obama,2011,
Operation Observant Compass,UGA,Africa,Barack Obama,2011,2017.0
,CEN,Africa,Barack Obama,2012,
Philippines Typhon Relief,PHI,Asia,Barack Obama,2012,2012.0
Hostage Rescue Mission,SOM,Africa,Barack Obama,2012,2012.0
Burundi Airlift,CEN,Africa,Barack Obama,2013,2013.0
Syrian Civil War/Counter IS,JOR,Asia,Barack Obama,2013,
Operation Juniper Shield,NIR,Africa,Barack Obama,2013,
Operation Inherent Resolve,"IRQ, SYR",Asia,Barack Obama,2014,
Operation United Assistance,LBR,Africa,Barack Obama,2014,2015.0
U.S. involvement in Syrian Civil War,SYR,Asia,Barack Obama,2014,2019.0
Ukraine Military Assistance,UKR,Europe,Barack Obama,2014,
Operation Freedom Sentinel,AFG,Asia,Barack Obama,2015,
Boko Haram,CAO,Africa,Barack Obama,2015,
,"AFG, IRQ, SYR, TUR, SOM, YEM, DJI, LBY, CUB, Central Africa, EGY, JOR",Asia,Barack Obama,2016,
Hurricane Matthew Relief ,HAI,Latin America & Caribbean,Barack Obama,2016,2016.0
Cruise Missile Strikes,YEM,Asia,Barack Obama,2016,2016.0
Hurricane Maria Relief,DMA,Latin America & Caribbean,Donald Trump,2017,2017.0
Joint Task Force Hurricane Relief ,"Dominica,  St. Martin, ",Latin America & Caribbean,Donald Trump,2017,2017.0
Operation Continuing Promise,"GUA, HON, COL",Latin America & Caribbean,Donald Trump,2017,2017.0
Sri Lanka Humanitarian Assistance,LKA,Asia,Donald Trump,2017,2017.0
Peru Flooding Relief,PER,Latin America & Caribbean,Donald Trump,2017,2017.0
Stella Daisy Uruguay Search and Rescue Assistance,URU,Latin America & Caribbean,Donald Trump,2017,2017.0
Operation Enduring Promise,ECU,Latin America & Caribbean,Donald Trump,2018,2018.0
Venezuelan Refugees Humanitarian mission,HON,Latin America & Caribbean,Donald Trump,2018,2018.0
NATO surveillance,ICE,Europe,Donald Trump,2018,2018.0
Thai Cave Rescue,THI,Asia,Donald Trump,2018,2018.0
Baghdad Embassy Protection,IRQ,Asia,Donald Trump,2019,2020.0
Oil tanker attacks response,SAU,Asia,Donald Trump,2019,
